autoincrement,name,name1,text,email,address,region
100,Wang,Warner,arcu.,warner_wang@protonmail.com,Ap #384-637 Quisque Street,Kansas
101,Jacob,Horne,nec,horne.jacob@outlook.com,5941 Nec Street,Utah
102,Sarah,Benjamin,Suspendisse sagittis.,sarah-benjamin7505@icloud.net,"P.O. Box 205, 8260 Varius. Road",Washington
103,Diana,Blankenship,porttitor interdum.,blankenship-diana8236@yahoo.edu,Ap #999-8091 Congue St.,Indiana
104,Cally,Wolfe,sit,wolfecally@outlook.org,168-4949 Donec St.,Nevada
105,Bo,Walls,vitae mauris,w-bo6469@protonmail.net,"P.O. Box 829, 2435 Nonummy Avenue",Washington
106,Hope,Mays,neque,mays.hope2570@icloud.net,Ap #153-6620 Lobortis Ave,Kentucky
107,McKenzie,Sherman,justo.,m-sherman@outlook.net,Ap #552-9119 Metus St.,Nevada
108,Omar,Howe,vel,omar_howe@icloud.edu,Ap #834-3129 Tempus Street,Pennsylvania
109,Jelani,Ware,consectetuer,j.ware8086@outlook.org,"P.O. Box 817, 7807 Cras Rd.",Wyoming