autoincrement,name,address,phone,email
100,Mechelle,"P.O. Box 883, 1328 Vivamus Road",(702) 453-3213,mechelle@icloud.edu
101,Shellie,3451 Sit St.,(540) 708-8643,shellie@outlook.org
102,Shana,3649 Tellus Av.,(224) 342-1188,shana5799@hotmail.org
103,Buckminster,Ap #448-2859 Pede St.,(670) 162-8677,buckminster@icloud.couk
104,Hedley,1189 Scelerisque Ave,(351) 457-6286,hedley@outlook.com
105,Fallon,"P.O. Box 215, 5852 Vitae Street",(231) 776-7852,fallon@outlook.edu
106,Channing,Ap #460-5798 Netus Rd.,(589) 621-6141,channing@hotmail.com
107,Liberty,"1196 In, Av.",(750) 941-2269,liberty4929@outlook.couk
108,Seth,"P.O. Box 154, 5795 Mi Avenue",(906) 355-8191,seth@aol.ca
109,Jared,Ap #854-1806 Aliquam Av.,(365) 974-6649,jared@aol.couk
