autoincrement,name,name1,address,email,phone,autoincrement1
100,Cooper,Everett,Ap #626-7098 Sit Street,magna.nam@outlook.org,(554) 688-6437,100
101,Grady,Strong,"P.O. Box 252, 9842 Nec St.",quam@google.com,(856) 410-3824,101
102,Veronica,Zamora,Ap #458-6460 Non Rd.,a.facilisis@yahoo.couk,(839) 424-4427,102
103,Fay,Scott,751-6151 Laoreet St.,ac.urna@hotmail.ca,(141) 300-3097,103
104,Laura,Casey,"P.O. Box 917, 4369 Ipsum Rd.",vel@aol.net,(365) 777-2655,104
105,Jarrod,Whitaker,"Ap #822-354 Leo, Street",eu.tempor@protonmail.net,(765) 668-3567,105
106,Elliott,Kemp,Ap #862-7950 Facilisis St.,porta@aol.com,(791) 543-3917,106
107,Jared,Baxter,"P.O. Box 325, 1466 Sed, Avenue",interdum.libero.dui@protonmail.net,(426) 742-5920,107
108,Galena,Banks,"P.O. Box 616, 329 Nec St.",mauris.sapien.cursus@google.net,(906) 614-0548,108
109,Inga,Whitfield,836-8574 Sapien. Rd.,scelerisque.scelerisque@outlook.com,(357) 601-0166,109
